---
title: "[SQL] DML "
layout: single
categories:
  - SQL
tags:
  - SQL
---
&nbsp;&nbsp; &nbsp;&nbsp;   
  &nbsp;&nbsp;  

```sql

mysql> SELECT * FROM member;
+-----------+--------+----------+------+
| member_id | name   | phone    | age  |
+-----------+--------+----------+------+
| N1        | 이동국 | 000-0000 | 43   |
| N2        | 최희준 | 000-0000 | 35   |
| N3        | 이동국 | 000-0000 | 24   |
| N4        | 박창선 | 000-0000 | 34   |
| N5        | 이준용 | 000-0000 | 54   |
+-----------+--------+----------+------+
5 rows in set (0.00 sec)
```  
&nbsp;&nbsp;
mysql> SELECT * FROM member;
+-----------+--------+----------+------+
| member_id | name   | phone    | age  |
+-----------+--------+----------+------+
| N1        | 이동국 | 000-0000 | 43   |
| N2        | 최희준 | 000-0000 | 35   |
| N3        | 이동국 | 000-0000 | 24   |
| N4        | 박창선 | 000-0000 | 34   |
| N5        | 이준용 | 000-0000 | 54   |
+-----------+--------+----------+------+
5 rows in set (0.00 sec)  
  